,Country,Nationality,Address,Phone,Fax,Email,Website,Office Type,City,Office Hours,Details
Albanian Embassy in India,Albania,Albanian,"B 2, West End, New Delhi, DL 110021, India",+ 91-11-4059-1294,+91-11-4610-8285,embassy.delhi@mfa.gov.al,http://www.ambasadat.gov.al/india/en/,Embassy,,"Monday to Friday
09:00 - 17:00","Mr Fatos Kerciku, Ambassador"
"American Consulate in Chennai, India",United States,American,"Gemini Circle, Chennai 600006, India",044-2857-4000,044-2811-2020,chennaic@state.gov,http://chennai.usconsulate.gov,Consulate,Chennai,,
"American Consulate in Hyderabad, India",United States,American,"Paigah Palace, 1-8-323, Chiran Fort Lane, Begumpet, Secunderabad- 500003, Andhra Pradesh",040-4625-8222 / 0120-484-4644,,HyderabadPA@state.gov,http://hyderabad.usconsulate.gov,Consulate,Hyderabad,"The Consulate General of the United States of America operates from 8:30am to 5:30pm, Monday through Friday, except on holidays.

The Office of Consular Affairs, for all visa related queries, may be contacted from Monday through Friday, between 9:00 am and 12:00pm and between 2:00pm and 4:00pm.",
"American Consulate in Kolkata, India",United States,American,"5/1 Ho Chi Minh Sarani, Kolkata 700071, India",91-33-3984-6300,91-33-2288-1616/0356,kolkataPAS@state.gov,http://kolkata.usconsulate.gov,Consulate,Kolkata,"0800 - 1300, 1400 - 1700, (Monday through Friday)",
"American Consulate in Mumbai, India",United States,American,"C-49, G-Block, Bandra Kurla Complex, Bandra East, Mumbai 400051",011-91-22-2672-4000,,mumbaipublicaffairs@state.gov,http://mumbai.usconsulate.gov,Consulate,Mumbai,,
"American Embassy in New Delhi, India",United States,American,"Shantipath, Chanakyapuri, New Delhi - 110021",011-91-11-2419-8000,011-91-11-2419-0017,NDwebmail@state.gov,http://newdelhi.usembassy.gov,Embassy,New Delhi,,
Antiguan & Barbudan Consulate in India,Antigua and Barbuda,Antiguan & Barbudan,"F-4 (Third Floor)- Anand Niketan, Benito Juarez Marg, New Delhi 110021, India",-,-,ramdas.pai@manipal.edu,,Consulate,,,Dr Ramdas Madhava Pai - Consul General
"Argentinian Consulate in Mumbai, India",Argentina,Argentinian,"Chander Mukhi Building, Unit No. 10A, 10th Floor, Nariman Point",00912222871381/82/83,(91-22) 22024746,cgmum@cancilleria.gob.ar,http://http://cgmum.cancilleria.gov.ar/,Consulate,Mumbai,09:00 - 17:00,"ALEJANDRO ZOTHNER MEYER - Consul General

Consular district:
State of Maharashtra"
"Argentinian Embassy in New Delhi, India",Argentina,Argentinian,"F-3/3 Vasant Vihar, New Delhi (CP: 110057)",(91-11) 4078 1900,(91-11) 4078 1901,eindi@cancilleria.gob.ar,http://http://eindi.cancilleria.gov.ar/,Embassy,New Delhi,10 a.m. to 6 p.m.,"MARIA CRISTINA UELTSCHI.
Ambassador.

Consular Circumscription:
India (except the state of Maharashtra), Sri Lanka, Maldives, Bangladesh, Bhutan and Nepal.

Concurrences:
Sri Lanka, Maldives, Bangladesh, Nepal, Bhutan."
Armenian Consulate in India,Armenia,Armenian,"Mehta Mahal, 7th Floor, 15, Mathew Road, Opera House, 400 004 Mumbai, India","(022) 66650158, 66650100",(022) 23631670,mehta.harshad@rosyblue.com,,Consulate,,"Monday to Friday
09:00 - 18:00",Honorary Consul: Mr. Harshad R. Mehta
Armenian Embassy in India,Armenia,Armenian,"D-133, Anand Niketan, New Delhi 110057, India",(+91) 11-2410 2851 / 2,(+91) 11-2410 2853,armindiaembassy@mfa.am; embassy@armenian.co.in,http://www.armenian.co.in ,Embassy,,09.00-13.00 and 14.00-18.00,Mr Ara Hakobian - Ambassador
"Aruba (Netherlands) Embassy in New Delhi, India",Aruba,Dutch,,,,,,,,,Same as Netherlands
Australian Consulate in India,Australia,Australian,"9th Floor, Express Chambers, Express Avenue Estate, Whites Road, Royapettah, Chennai 600014, India",+91 44 4592 1300,+91 44 4592 1320,-,,Consulate,,,
Austrian Consulate in India,Austria,Austrian,"26 Maker Chambers VI, 2nd floor, Nariman Point, Mumbai 400021, India",(+91) (22) 2285 1734,(+91) (22) 2287 0502,tamara_valladares@jasubhai.com,,Consulate,,10:00 - 18:00,Mr Jasu Shah - Consul General
Austrian Embassy in India,Austria,Austrian,"EP-13, Chandergupta Marg, Chanakyapuri, New Delhi, India",(+91) (11) 24 19 27 00,(+91) (11) 26 88 69 29,new-delhi-ob@bmeia.gv.at; new-delhi-ka@bmeia.gv.at,http://www.bmeia.gv.at/botschaft/new-delhi.html,Embassy,,09:00 - 12:00,Dr Ferdinand Maultaschl - Ambassador
Azerbaijani Embassy in India,Azerbaijan,Azerbaijani,"41, Pschimi Marg, Vasant Vihar, New Delhi 110 057, India",(+9111) 26 15 22 28,(+9111) 26 15 22 27,newdelhi@mission.mfa.gov.az,http://www.azembassy.in,Embassy,,,H.E. Mr. IBRAHIM A. HAJIYEV - Ambassador
Bahamian Consulate in India,Bahamas,Bahamian,"3rd Floor, F-11 East of Kailash, New Delhi 111065, India",(+91) 11-2646-4490,(+91) 11-2646-4492,bahamas@sarafmail.com,,Consulate,,,Mr Ashish Saraf - Consul
Bangladeshi Embassy in India,Bangladesh,Bangladeshi,"9 Bangabandhu Sheikh Mujib Sarani, Kolkata 700017, India",(+91) 33 4012 7500,(+91) 33 4012 7555,mission.kolkata@mofa.gov.bd; bdhc@bdhckolkata.org,,Embassy,,,"Ms Abida Islam, Deputy High Commissioner"
Barbadian Consulate in India,Barbados,Barbadian,"21, Suvas, Main Avenue Santa Cruz (West), Mumbai 400 054 , India",(+91) 22 2646 1878,,-,,Consulate,,This Consulate no longer exist has been non existence since 18 years please kindly do the necessary changes....,Raghubir Singh Gohil - Consul
Belarusian Consulate in India,Belarus,Belarusian,"SB Towers, 3rd Floor 37, Shakespere Sarani , Kolkata 700 017 , India",(+91) 33-2289 5400 / 3,(+91) 33-2289 5401,info@mirondagroup.com,,Consulate,,,Mr Sitaram Sharma - Consul
Belarusian Embassy in India,Belarus,Belarusian,"163, Jor Bagh, New Delhi 110 003, India",(+91) 11-2469 4518,(+91) 11-2469 7029,india@belembassy.org,http://ndia.mfa.gov.by ,Embassy,,,Mr Vitaly Prima - Ambassador
Belgian Consulate in India,Belgium,Belgian,"Industry House, 15th Floor 10, Camac Street , Kolkata 700017, India","(+91) (33) 2282 7531 / 2, (+91) (33) 2479 1378",(+91) (33) 2282 7535,consubel_kolkata@jayshreetea.com,,Consulate,,10:00 - 13:00,Mrs Jayashree Mohta - Consul
Belgian Embassy in India,Belgium,Belgian,"50-N, Shantipath, Chanakyapuri, New Delhi 110021, India",(+91) (11) 4242 8000,(+91) (11) 4242 8002,newdelhi@diplobel.fed.be,http://www.diplomatie.be/newdelhi/,Embassy,,09:00 - 13:00 and 14:00 - 17:00,Mr Pierre Vaesen - Ambassador
Belizean Consulate in India,Belize,Belizean,"Ground Floor 98 Modi Tower, Nehru Place, New Delhi, 110 019, India",(91 11) 425-048-47,"(91 11) 264-271-25, (91 11) 264-490-30",  belize@modigroup.com; ukmodi@modigroup.com,,Consulate,,,Mr. Umesh Modi - Honorary Consul
Beninese Consulate in India,Benin,Beninese,"2nd Floor, Umiya Landmark, 10/7 - Lavelle Road, Bangalore 560 001, India",(+91) 80 2248 5520,,hcbeninbangalore@gmail.com,,Consulate,,,Mr Suresh Vaswani - Consul
Beninese Embassy in India,Benin,Beninese,"N-14, Pancheel Park Sector - 6, R.K. Puram Market , New Delhi - 110017, India",(+91) 11-4108-5516,,ambabenindelhi@yahoo.fr,,Embassy,,,Mr Andre Sanra - Ambassador
Brazilian Consulate in India,Brazil,Brazilian,"Unit 12B, 12th floor, Bakhtawar Building, RN Goenka Marg, Nariman Point, Mumbai 400 021 , India","(+91) 22-2283 4467, (+91) 22 2283 4469",(+91) 22-2283 4468,cg.mumbai@itamaraty.gov.br,http://mumbai.itamaraty.gov.br,Consulate,,09:00 - 13:00 and 15:00 - 19:00,Maria Teresa Mesquita Pessoa - Consul General
Brazilian Embassy in India,Brazil,Brazilian,"8, Aurangzeb Road, New Delhi 100 011, India",(+91) 11-2301 7301,(+91) 11-2379 3684,brasemb.newdelhi@itamaraty.gov.br,http://novadelhi.itamaraty.gov.br,Embassy,,09:00 - 13:00 and 15:00 - 19:00,Mr Carlos Sergio Sobral Duarte - Ambassador
"British Consulate in New Delhi, India",United Kingdom,British,"Shantipath, Chanakyapuri, New Delhi 110021 India",+91 (11) 2419 2100,+91 (11) 2419 2492,web.newdelhi@fco.gov.uk,http://www.gov.uk/government/world/india,Consulate,New Delhi,,
Bruneian Embassy in India,Brunei,Bruneian,"B-21, August Kranti Marg, Mayfair Gardens, Hauz Khas, New Delhi - 110016         , India",(91) 11 2652 2431 / 2652 2432 / 2652 2433,(91) 11 2652 2434 / (91) 11 2652 2435,newdelhi.india@mfa.gov.bn,,Embassy,,,His Excellency Dato Paduka Haji Sidek bin Ali  - High Commissioner
Burkinabe Consulate in India,Burkina Faso,Burkinabe,"No.2 Purshottam Bhavan, Little Gibbs Road , Mumbai 400 006 , India",(+91) (22) )2364 3093,(+91) (22) 2364 3093 / 5796,dr.lrbhojwan@gmail.com,,Consulate,,09:00 - 17:00,Dr. Laximikant Rewachand Bhojwani - Consul
Burkinabe Embassy in India,Burkina Faso,Burkinabe,"P 3/1 VASSANT VIHAR, NEW DELHI 110057, INDIA",(00 91 11) 26 14 0640/ 41/42,(00 91 11) 26 14 0630,Emburnd@bol.net.in; cmd@embassyburkinaindia.com,,Embassy,,09:30 - 13:30 and 15:30 - 18:30,HE Idriss Raoua OUEDRAOGO - Ambassador
Burundian Consulate in India,Burundi,Burundian,"Sutanuti Building 12, Ho-Chi-Minh Sarani, Kolkata 700 071 , India",(+91) 33 4014 2813,,bimanmit@yahoo.com,,Consulate,,,"Mr Arpan Mitra, Consul"
Burundian Embassy in India,Burundi,Burundian,"C - 1/24 Vasant Vihar , New Delhi - 110057, India",(+91) 11-4615 1947,(+91) 11-4950 3170,ambabudelhi@yahoo.fr,,Embassy,,09:00 - 17:00,Mr Rubuka Aloys - Ambassador
Cambodian Embassy in India,Cambodia,Cambodian,"W-112 Greater Kailash Part II, New Delhi-110048, India",(91-11) 2921 4436  / 2921 4435,(91-11) 2921 4438,camemb.ind@mfa.gov.kh,,Embassy,,,H.E.Mrs. Yous Makana - Ambassador
Cameroon Visa Application Centre in India,Cameroon,Cameroonian,"Stone House CVAC # 10-5-391/54/18, MLA Colony, Banjara Hills Rd # 12 Hyderabad 500034, India",+91) 9912981608 / 8125426513,,stonehouse@ambacam.asia,,Visa Office,Hyderabad,,There is no Cameroonian Embassy in India.
Canadian Consulate in India,Canada,Canadian,"Duncan House, 31 Netaji Subhas Road, Kolkata 700 001, india",91 (33) 2242-6820,91 (33) 2242-6828,ccklkta@rp-sg.in,,Consulate,,,
"Chadian Consulate in New Delhi, India",Chad,Chadian,"N-138, 2nd Floor Panchsheel Park, New Delhi, India, 110017",(+91) 11-4563 5162,(+91) 11-4563 5163,consulofchad@airtelmail.in,,Consulate,New Delhi,,
"Chilean Embassy in New Delhi, India",Chile,Chilean,"146 Jor Bagh, New Delhi 110003, India",+91 11 431 00400,+91 11 431 00431,embchile@airtelmail.in,http://www.chileindia.com/,Embassy,New Delhi,,
"Chinese Consulate in Kolkata, India",China,Chinese,"EC-72, Sector-1, Salt Lake City, Kolkata-700064, West Bengal, India",0091-33-40048169,0091-33-40048168,chinaconsul_kkt@mfa.gov.cn,http://kolkata.china-consulate.org/chn/ ,Consulate,Kolkata,,
"Chinese Consulate in Mumbai, India",China,Chinese,"8th/9th  Floor, Hoechst House, 193 Backbay Reclamation, Nariman Point, Mumbai 400021, India",0091-22-66324303/4/5/6,0091-22-66324302,chinacon@bom5.vsnl.net.in,http://mumbai.china-consulate.org ,Consulate,Mumbai,,
Chinese Embassy in India,China,Chinese,"50-D, Shantipath, Chanakyapuri",91-11-26112345,91-11-26885486,chinaemb_in@mfa.gov.cn,http://https://embassy.goabroad.com/embassy/edit/7419,Embassy,,,Ambassador: Zhang Yan
"Congolese (Republic) Embassy in New Delhi, India",Republic of the Congo,Congolese (Republic),"B-8/9 OR D6/13 C, Vasant Vihar, New Delhi - 110057, India","(+91) 11-4236 8800 / 11-4238 5500, (+91) 11 4905 0451","(+91) 11-4238 5500, (+91) 11 4905 1136",ambac02.inde@gmail.com,http://www.ambacongo-india.com/,Embassy,New Delhi,,"Mr Felix Ngoma, Ambassador"
"Congolese Embassy in New Delhi, India",DR Congo,Congolese,"B-39, Soami Nagar, New Delhi, 110017, India",98112 84319,,,,Embassy,New Delhi,,
"Cook Islands (New Zealand) Embassy in New Delhi, India",Cook Islands,Cook Islander,,,,,,Embassy,,,Cook Islands consulate services are represented by New Zealand.
"Costa Rican Consulate in New Delhi, India",Costa Rica,Costa Rican,"D- 388 Defence Colony, New Delhi 110024, India",00 (911) 1-233 1 0212/ 00 (911) 1-233 1 4934,00 (911) 1-23327231/00 (911) 1- 23357473,,,Consulate,New Delhi,9 a.m. a 1 p.m.,
"Croatian Consulate in Mumbai, India",Croatia,Croatian,"A-52, Darshan Apartments, Mt. Pleasant Road, Mumbai - 400 006, India","0091 22 2367 2800, 0091 22 2367 8451","0091 22 2367 8450, 0091 22 2369 9063",czaeel@vsnl.com,,Consulate,Mumbai,,
"Croatian Embassy in New Delhi, India",Croatia,Croatian,"A-15 West End, New Delhi 110021, India","0091 11 4166 3101, 0091 11 4166 3102, 0091 11 4166 3103","0091 11 2411 6873, 4166 3100",croemb.new-delhi@mvpei.hr,,Embassy,New Delhi,"Working hours: 
Monday-Friday 9:00-17:00","Covers: The Democratic Socialist Republic of Sri Lanka, the Federal Democratic Republic of Nepal and the People's Republic of Bangladesh, Republic of Maldives, Kingdom of Bhutan"
"Cypriot Consulate in Kolkata, India",Cyprus,Cypriot,"3C, Park Plaza (South Block) , 71 Park Street,, Kolkata - 700 016, India",+91-033) 2229 6000 (Office),(+91-033) 2229 1094,cyp.anil@jjauto.org,,Consulate,Kolkata,10:00 - 18:00,
"Cypriot Consulate in Mumbai, India",Cyprus,Cypriot,"Nehru Centre, 9th Floor, Discovery of India Bldg., Dr. Annie Besant Road, Worli, Mumbai 400 018 (Bombay) , India","+9122 24926655, 24926633 (Direct for Mr. Kapoor)","(009122) 24926464, 24900314","rana.kapoor@yesbankltd.com,Lonika.Kotekar@yesbank.in",,Consulate,Mumbai,"Office hours: 10:00 - 12:30, 14:00 - 16:00 (Mon. - Fri.), Hours for the public: 10:00 - 12:30",
"Cypriot Embassy in New Delhi, India",Cyprus,Cypriot,"67, Jor Bagh, New Delhi 110003,, India",0091 11 24697503/508,0091 11 24628828,delhihc@mfa.gov.cy,http://www.mfa.gov.cy/highcom_newdelhi,Embassy,New Delhi,,
Czech Embassy in India,Czech Republic,Czech,"50-M, Niti Marg, Chanakyapuri, 110 021, New Delhi, India","+91-33-22907406, +91-33-22837178",+91-33-22907411,newdelhi@embassy.mzv.cz,www.mzv.cz/newdelhi,Embassy,New Delhi,,
"Danish Consulate in Calcutta, India",Denmark,Danish,"McLeod House, 3 Netaji Subhas Road, 3rd floor, Calcutta 700001, India",(33) 2248 7476/7/8,(33) 2248 8184,,,Consulate,Calcutta,,
"Danish Consulate in Chennai, India",Denmark,Danish,"9 Cathedral Road, Chennai 600086, India","(44) 811 8140, 811 8141",(44) 811 2185,,,Consulate,Chennai,,
"Danish Consulate in Mumbai, India",Denmark,Danish,"L & T House, Ballard Estate, N.M. Marg, Mumbai 400 001. India",(22) 2261 4462; (22) 2268 5656,(22) 2270 3749,danishconsulate@lth.ltindia.com,,Consulate,Mumbai,,
"Danish Embassy in New Delhi, India",Denmark,Danish,"11 Aurangzeb Road, New Delhi 110011, India",+91 11 4209 0700,+91 11 379 2019/+91 11 2379 2891,delamb@um.dk,http://www.ambnewdelhi.um.dk/en,Embassy,New Delhi,"Monday to Thursday:  9:00 am to 4:30 pm
Friday: 9:00 am to 4:00 pm",
"Dominican (Republic) Embassy in New Delhi, India",Dominican Republic,Dominican,"B-1/20 Ground Floor, Vasant Vihar, New Delhi - 110057, India",(+91) 11-4342 5000,(+91) 11-4342 5050,embadom@dr-embassy-india.com,www.dr-embassy-india.com,Embassy,New Delhi,,"Mr Frank Hans Dannenberg Castellanos, Ambassador"
"Dominican Honorary Consulate in New Delhi, India",Dominica,Dominican,"283, Gulmohar Enclave New Delhi 110049 India",(+91) 11-2686 2595,(+91) 11-2686 2595,shukla_dominica@hotmail.com,,Consulate,New Delhi,09.00-13.00,"Mr Rama Kant Shukla, Honorary Consul"
"Dutch Consulate in Chennai, India",Netherlands,Dutch,"76, Venkata Krishan Road, Mandaveli, Chennai - 600 028, Tamil Nadu",+91 44 43535381,+91 44 24993272,honconsul.netherlands@gmail.com,,Consulate,Chennai,,
"Dutch Consulate in Kolkata, India",Netherlands,Dutch,"5, Rameshwar Shaw Road, Kolkata: 700014, India",+91 33 2289-7676/7020,+91 33 2289-7919,consulkolkata.netherlands@gmail.com,,Consulate,Kolkata,,
"Dutch Consulate in Mumbai, India",Netherlands,Dutch,"'Forbes Building', Charanjit Rai Marg, Mumbai 400001",+91 22 22194200,+91 22 22194230,bom@minbuza.nl,,Consulate,Mumbai,,
"Dutch Embassy in New Delhi, India",Netherlands,Dutch,"6/50 F, Shanti Path, Chanakyapuri, New Delhi 110021",+91-11-24197600,+91-11-24197710,nde@minbuza.nl,http://www.mfa.nl/nde-en/,Embassy,New Delhi,Monday - Thursday 08:30 - 17:00 and Friday 08:30 - 14:30,
"Ecuadorian Consulate in Kolkata, India",Ecuador,Ecuadorian,"Suvira House, 4B, Hungerford Street, Kolkata 700017",(+91) 33 2287 2287 / (+91) 33 2289 4000,(+91) 33 2289 4444,corporate@warrentea.com,,Consulate,Kolkata,,
"Ecuadorian Consulate in Mumbai, India",Ecuador,Ecuadorian,"Gayatri Plaza 301, 3rd floor, Turner Road, Bandra (West), Mumbai 400 050",(+91) 22 6679 5931 / 2 / 3,(+91) 22 4002 2106,cecumumbai@cancilleria.gob.ec,http://http://mumbai.consulado.gob.ec/,Consulate,Mumbai,,
Ecuadorian Embassy in India,Ecuador,Ecuadorian,"E 3/2 1st, 2nd & 3rd Floor, Vasant Vihar, New Delhi 110057",(+91) 11 2615 2264 / (+91) 11 2615 2265,,eecuindia@cancilleria.gob.ec,http://http://india.embajada.gob.ec/,Embassy,,,
"Egyptian Consulate in Mumbai, India",Egypt,Egyptian,"101. Benhur Apartments,32 Narayan Dabholkar Road, off Nepean Sea Road Mumbai - 400006",(+9122) 23676422 - 23676407,(+9122) 23634558,Consulate.mombai@mfa.gov.eg,http://http://www.mfa.gov.eg/english/embassies/Egyptian_Consulate_India/Pages/default.aspx,Consulate,Mumbai,,
"Egyptian Embassy in New Delhi, India",Egypt,Egyptian,"1 - 50m, Niti Marg, , Chanakyapuri, 110021 New Delhi",(+9111) 26114096,(+9111) 26885355,india_emb@mfa.gov.eg,http://http://www.mfa.gov.eg/english/embassies/Egyptian_Embassy_India/Pages/default.aspx,Embassy,New Delhi,Daily from 9:00 am till 5:00 pm except on Saturdays and Sundays,
"El Salvadoran Embassy in New Delhi, India",El Salvador,El Salvadorean,"F-48 on Munirka Marg corner with Poorvi Marg, Vasant Vihar, New Delhi - 110 057, India",(+91) 11-4608 8400,(+91) 11-4601 1688,"elsalvador-india@rree.gob.sv, esembassy@gmail.com",embajadaindia.rree.gob.sv,Embassy,New Delhi,09.00-13.00 and 14.00-17.00,"José Felix Ulloa Alvarenga, Chargé d'Affaires a.i."
"Emirati Consulate in Mumbai, India",United Arab Emirates,Emirati,"No.7 Jolly Maker, Apartment No. 1 - Cuffe Parade, Colaba Mumbai 400 005 India",(+91) 22 2218 0985,(+91) 22 2218 1162,mumbai@mofa.gov.ae,,Consulate,Mumbai,,
"Emirati Embassy in New Delhi, India",United Arab Emirates,Emirati,"12 Chandragupta Marg, Chanakyapuri, New Delhi, India",+91-11-26111111,+91-11-26873272,info.newdelhi@mofa.gov.ae,http://www.uaeembassy-newdelhi.com ,Embassy,New Delhi,,
"Estonian Consulate in Mumbai, India",Estonia,Estonian,"312 T.V. Industrial Estate , 248/A, S.K. Ahire Marge, Worli , Mumbai 400030",+91 22 2496 88 82/ 83 / 84/ 85,+91 22 2496 88 86,khush2002@vsnl.com,,Consulate,Mumbai,,
"Estonian Consulate in New Delhi, India",Estonia,Estonian,"F-402, 4th Floor, Plot No. D-1, Distt. Center, Ras Vilas , Saket, New Delhi 110 017",+91-11-47289900 (30 lines),"+91-11-47289936, 47289939","anika@del2.vsnl.net.in, anil.vig@anika.in",,Consulate,New Delhi,,
"Ethiopian Embassy in New Delhi, India",Ethiopia,Ethiopian,"7/50-G, Satya Marg, Chanakyapuri, New Delhi - 110 021, India",009111-6119513 or 6119514 or 24675366/67,009111-6875731,delethem@yahoo.com,,Embassy,New Delhi,09.00-13.00 and 14.00-17.30,
"Filipino Consulate in Chennai, India",Philippines,Filipino,"SPIC House, Annex Building, VIII Floor, 88 Mount Road, Guindy, Chennai 600032, India",(+91) (44) 2235 4063,(+91) (44) 2235 2062,,,Consulate,Chennai,,
"Filipino Consulate in Kolkata, India",Philippines,Filipino,"2nd Floor, 37 Shakespeare Sarani, Kolkata 700 001",(+91) (33) 2280 8353,(+91) (33) 2280 8354,,,Consulate,Kolkata,,
"Filipino Consulate in Mumbai, India",Philippines,Filipino,215 Nariman Point Mumbai 400021,(+91) (22) 2202 4792,(+91) (22) 2282 9539,,,Consulate,Mumbai,,
"Filipino Embassy in New Delhi, India",Philippines,Filipino,"50-N Nyaya Marg. Chanakyapuri, New Delhi 110021, India",(+91) 11 2410-1120 or 11 2688-9091 / 2688-8838,(+91) 11 2687-6401,newdelhi@bol.net.in,http://www.philembassynewdelhi.com ,Embassy,New Delhi,09.00-12.00 and 13.30-17.00,
"Finnish Consulate in Bangalore, India",Finland,Finnish,"Embassy Star, 7th Floor, No. 8, Palace Road, Vasanth Nagar, 560 052",080 4165 9828,,,,Consulate,Bangalore,,
"Finnish Consulate in Chennai, India",Finland,Finnish,"Honorary Consulate of Finland, 202 Anna Salai, 600 002",+91-(0)44-2852 4141,+91-(0)44-2852 1253,siva_holdings@vsnl.net,,Consulate,Chennai,,
"Finnish Consulate in Kolkata, India",Finland,Finnish,"Honorary Consulate of Finland, c/o Mahadev Paper Corporation, 7 A, A.J.C. Bose Road, 2nd floor, 700 017","(91-33) 2287 4328, 2290 1960",(91-33) 2287 4329,mpc@cal.vsnl.net.in,,Consulate,Kolkata,,
"Finnish Consulate in Mumbai, India",Finland,Finnish,"Honorary Consulate of Finland, C305 Dharam Palace, '100-103 N S Patkar Marg, 400 007",+91-22- 66390033,+91-22- 6639 0044,finconsmumbai@shrenuj.com,,Consulate,Mumbai,,
"Finnish Embassy in New Delhi, India",Finland,Finnish,"E-3, Nyaya Marg, Chanakyapuri, 110021",+91-11-4149 7500,+91-11-4149 7555,sanomat.nde@formin.fi,http://www.finland.org.in,Embassy,New Delhi,Customer Service: Mon-Fri 10.00-12.00,
"French Consulate in Bombay, India",France,French,"Hoechst House - 7th floor, 193 Backbay Reclamation, Nariman Point, Mumbai (Bombay) 400 021",[91] (22) 66 69 40 00,[91] (22) 66 69 40 66,mail@consulfrance-bombay.org,http://www.consulfrance-bombay.org,Consulate,Bombay,,
"French Consulate in Pondicherry, India",France,French,"2 rue de la Marine, Pondicherry 605 001",[91] (413) 223 10 00,[91] (413) 223 10 01,consul@consulfrance-pondichery.org,http://www.consulfrance-pondichery.org,Consulate,Pondicherry,,
"French Embassy in New Delhi, India",France,French,"2/50-E Shantipath Chanakyapuri, New Delhi 110 021",[91] (11) 2419 6100,[91] (11) 2419 6169,webmaster@france-in-india.org,http://www.france-in-india.org,Embassy,New Delhi,,
"Gambian Embassy in New Delhi, India",Gambia,Gambian,"B19 Vasant Marg, Vasant Vihar, New Delhi 110057, India",(+91) 11 4612 0472,(+91) 11 4612 0471,gamembdel@hotmail.com,,Embassy,New Delhi,,"Mr Dembo M. Badjie, Ambassador"
"Georgian Embassy in New Delhi, India",Georgia,Georgian,"115 Jorbagh, New Delhi 110003",+91 11 47 07 86 02; +91 11 49 49 60 00,+91 11 47 07 86 03,delhi.emb@mfa.gov.ge,http://www.india.mfa.gov.ge,Embassy,New Delhi,9.30-18.00,
"German Consulate in Chennai, India",Germany,German,"No. 9 Boat Club  Road, P.O.Box 3110, Chennai 600 028, India",(0091 44) 24 30 16 00,(0091 44) 24 34 92 93,info@germanconsulatechennai.org,http://www.chennai.diplo.de,Consulate,Chennai,Monday - Friday 08.00 to 11.30 hrs,
"German Consulate in Goa, India, India",Germany,German,"Cosme Matias Menezes Pvt. Ltd., Rua de Ourem, Panaji, 403 001, Goa",(0091 832) 223 55 26,(0091 832) 222 34 41,conhongoa@sancharnet.in,,Consulate,"Goa, India",,
"German Consulate in Kolkata, India",Germany,German,"1 Hastings Park Road, Alipore, P.O. Box 16711, Kolkata  700 027, India","+91-(0)33-2479 1141/ 1142/ 2150, 2439 8906, In case of emergencies: +91-(0) 98310 16091",+91-(0)33-2479 3028,gerconsu@vsnl.com,http://www.kalkutta.diplo.de,Consulate,Kolkata,,
"German Consulate in Mumbai, India",Germany,German,"'Hoechst House', 10th Floor, Nariman Point, 193 Backbay Reclamation, Mumbai 400 021, India",(+91-22) 22832422; In case of emergency: (0091)  9821016877,(+91-22) 22025493,info@mumbai.diplo.de,http://www.germanconsulatemumbai.org,Consulate,Mumbai,Monday - Friday: 9:00 a.m. to 12:00 noon,
"German Embassy in New Delhi, India",Germany,German,"No. 6/50G, Shanti Path, Chanakyapuri, 110021",(0091-11) 44199 199,(0091-11) 2687 31 17,info@new-delhi.diplo.de,http://www.new-delhi.diplo.de/Vertretung/newdelhi/en/02/Embassy.html,Embassy,New Delhi,"Mon - Thu: 8:00 - 17:00 Hrs.

Fri: 8:00 - 14:00 Hrs.",
"Ghanaian Consulate in Bombay, India",Ghana,Ghanaian,"6A, Kapur Mahal, 65, Marine Drive, 400 020",91 22 281 0938 / 91 22 281 9590,,,,Consulate,Bombay,,
"Greek Consulate in Chennai, India",Greece,Greek,"37 Sterling Road , Nungambakkam, Chennai 600034, India","(009144) 8203663, 8200042",(009144) 8200038,nkumar@indchem.com,http://nkumar@indchem.com,Consulate,Chennai,,
"Greek Consulate in Mumbai, India",Greece,Greek,"Baharestan, 30/A, Juhu Tara Road, Juhu, Mumbai 400 049, India",(009122) 6607852,(009122) 6606446,jertony@yahoo.com,,Consulate,Mumbai,,
"Greek Embassy in New Delhi, India",Greece,Greek,"Dr S. Radhakrishnan Marg, Chanakyapuri, New Delhi 110021",(009111) 26880700-4,(009111) 26888010,gremb.del@mfa.gr ,,Embassy,New Delhi,,
"Grenadian Consulate in New Delhi, India",Grenada,Grenadian,"12, Sundar Nagar. New Delhi, India",91 11 33 13 370,91 11 33 28 307,,,Consulate,New Delhi,,
"Guinean Embassy in New Delhi, India",Guinea,Guinean,"26 Poorvi Marg, Vasant Vihar, New Delhi 110057, India","(+91) 11 4654 0211, (+91) 11 4654 0213",(+91) 11 4654 4440,"ambaguineedelhi@gmail.com, ambaguidelhi@mae.gov.gn",www.ambaguinee-inde.org,Embassy,New Delhi,09.00-13.00 and 14.00-17.30,"Mr Alexandre Cece Loua, Ambassador"
"Honduran Embassy in New Delhi, India",Honduras,Honduran,"E-5/1, Vasant Vihar, New Delhi – 110057, India","+91-11-46088400,","+91-11-46011688,",embasalva-newdelhi@rree.gob.sv,,Embassy,New Delhi,,
"Icelandic Embassy in New Delhi, India",Iceland,Icelandic,"10, Munirka Marg, New Delhi 110057, India",(+91) 11-4353 0300,(+91) 11-4240 3001,Lemb.newdelhi@mfa.is,www.iceland.is/iceland-abroad/in/,Embassy,New Delhi,,"Mr Gudmundur Eiriksson, Ambassador"
"Irish Consulate in Bangalore, India",Ireland,Irish,"Biocon Limited, 20th K M Hosur Road, Electronics City PO, 560 100",+91 80 2808 2006/2808,+91 80 2852 3423,kiran.mazumdar@bioconindia.com,http://www.embassyofireland.in/home/index.aspx?id=52434,Consulate,Bangalore,"9.00am - 1.00pm Monday to Friday
2.00pm - 4.00pm Monday to Friday","Honorary Consul: Dr Kiran Mazumdar-Shaw
Assistant to Honorary Consul:  Ms Monica Robinson"
"Irish Consulate in Mumbai, India",Ireland,Irish,"Kamanwalla Chambers, 2nd Floor, Sir P.M. Road, Fort, 400 001","+91 22 6635 5635, 6633 9717",+91 22 5639 1945,irishcongen@vsnl.net,http://www.embassyofireland.in/home/index.aspx?id=52434,Consulate,Mumbai,"9.30am - 1.00pm Monday to Friday
2.00pm - 4.00pm Monday to Friday",Honorary Consul General: Cyrus Guzdar
"Irish Embassy in New Delhi, India",Ireland,Irish,"230 Jor Bagh, 110003","+91-11-2462-6733, Visa Tel: Visa Tel: +91 11 2462 9135(between the hours of 14.30 to 17.00, Monday t","+91-11-2469-7053, Visa Fax: +91 11 2460 3335",newdelhiembassy@dfa.ie,http://www.embassyofireland.in,Embassy,New Delhi,"Monday to Friday 9.30am to 1.30pm, 2.30pm to 5pm.","Ambassador: His Excellency Kenneth Thompson 
First Secretary: Ms Lavina Collins 
Third Secretary: Mr Brian O'Brien  


The Embassy of Ireland in New Delhi is also accredited to Sri Lanka, Bangladesh and Nepal and works closely with the Honorary Consulate in Colombo, Sri Lanka."
"Italian Consulate in Calcutta (Bengala Occidentale), India",Italy,Italian,"3, Raja Santosh Road - Calcutta 700027",00913324792414,24793892,consolatogenerale.calcutta@esteri.it,http://www.conscalcutta.esteri.it,Consulate,Calcutta (Bengala occidentale),,
"Italian Consulate in Calcutta, India",Italy,Italian,"3, Raja Santosh Road - Calcutta 700027",00913324792414,24793892,consolatogenerale.calcutta@esteri.it,http://www.conscalcutta.esteri.it,Consulate,Calcutta,,
Italian Consulate in India,Italy,Italian,"Kanchanjunga Building, 72 G. Deshmukh Road, Mumbai 400 026",00912223804071,0091 22 23874074,daphne.towry-coker@aco.org,http://http://www.consmumbai.esteri.it,Consulate,,,Visa query see below
"Italian Embassy in New Delhi, India",Italy,Italian,"50-E, Chandragupta Marg, Chanakyapuri, New Delhi-110 021, India",+91 11 2611 4355,+91 11 2687 3889,visti.ambnewdelhi@esteri.it,http://www.ambnewdelhi.esteri.it,Embassy,New Delhi,"(Mon-Thu) 09.00-13.00/14.00-18.00, Friday: 09.00-13.00",
"Ivorian Embassy in New Delhi, India",Côte d'Ivoire,Ivorian,"63, Poorvi Marg, Vasant Vihar, New Delhi 1100057, India",(+91) 11 4170 4234 / 35,(+91) 11 4170 4236,"embassy@amb2ci-inde.org, amb2ci_inde@yahoo.fr",www.amb2ci-inde.org,Embassy,New Delhi,,"Mr Sainy Tiemele, Ambassador"
"Jamaican Consulate in New Delhi, India",Jamaica,Jamaican,"Meridien Tower, 9th Floor, 10 Windsor Place, 110 001",2335 5411/2341 7122,011 2335 5432/2341 6275,Khemka@del3.vsnl.net.in,,Consulate,New Delhi,,HONORARY CONSUL: MR NAND KHEMKA
"Japanese Consulate in Bangalore, India",Japan,Japanese,"Consular Office of Japan, 1st Floor,  Prestige Nebula, No. 8-14, Cubbon Road, 560001","(91-80) 4064-9999, 4166-0111 to 3",(91-80) 4166-0114,,,Consulate,Bangalore,,
"Japanese Consulate in Chennai, India",Japan,Japanese,"No.12/1, Cenetoph Road Ist Street, Teynampet, 600 018",(91-44)2432-3860~3,(91-44)2432-3859,,,Consulate,Chennai,,
Japanese Consulate in India,Japan,Japanese,"55, M.N. Sen Lane, Tollygunge, 700 040",+91-33-2421-1970,+91-33-2421-1971,OVERSEAS@JPN-EMB.TOKYO,,Consulate,,,
"Japanese Consulate in Mumbai, India",Japan,Japanese,"No.1, M.L. Dahanukar Marg, Cumballa Hill, 400 026",+91-22-2351-7101,+91-22-2351-7120,,,Consulate,Mumbai,,
Japanese Embassy in India,Japan,Japanese,"50-G, Chanakyapuri, 110021","(+91-11) 2687-6564, 2687-6581",(+91-11) 2688-5587,Overseas@jpn-emb.tokyo,http://https://jp.usembassy.gov,Embassy,,"Office Hours:
09:00 - 13:00 / 14:30 - 17:30 (Monday - Friday)
 
(Closed on Saturdays, Sundays & Public Holidays)",
"Jordanian Embassy in New Delhi, India",Jordan,Jordanian,"30 Golf Links, New Delhi - 110003",24653318 - 246533099,2-465-3353/2-465-3368,jordan@jordanembassyindia.org,http://www.jordanembassyindia.org,Embassy,New Delhi,,
"Kenyan Consulate in New Delhi, India",Kenya,Kenyan,"34, Paschimi Marg, Vasant Vhihar, New Delhi, 110057",+ 91 11 26146537/38/40,+ 91 11 26146550,info@kenyamission-delhi.com,http://www.kenyamission-delhi.com,Consulate,New Delhi,,"Other countries of Accreditation: Peoples Republic of Bangladesh, Sri Lanka, Singapore"
"Kiwi Consulate in Chennai, India",New Zealand,Kiwi,"Maithri, 132 Cathedral Road,, 600 086",+91-44-2811-2472,+91-44-2811-2449,l.ganesh@rane.co.in,,Consulate,Chennai,,Honorary Consul: L Ganesh
Kiwi Consulate in India,New Zealand,Kiwi,"Level 2, 3 North Avenue,, Maker Maxity, BKC, Bandra East,, 400 051, Mumbai, India",+91-11-42596300,+91 22 6770 9003,inzmumbai@ttsvisas.com / inzdelhi@ttsvisas.com,,Consulate,,"Monday to Friday
 08:30 - 17:00",Consul General and Trade Commissioner: Kevin Mckenna
"Kiwi Consulate in New Delhi, India",New Zealand,Kiwi,"Sir Edmund Hillary Marg, Chanakyapuri,, 110 021",+91-11-2688-3170,+91-11-2688-3165,nzhc@airtelmail.in,http://www.nzembassy.com/india,Consulate,New Delhi,Mon-Fri 08:30-17:00 hrs,High Commissioner: HE Jan Henderson
Korean Consulate in India,South Korea,Korean,"Chaitanya, Third Floor, Khader Nawaz Khan Road , Chennai 600006 India",(+91) 44-2823 7307,(+91) 44-2823 7307,vp@sci.co.in,,Consulate,,09.30-17.30,Mr. Venu Srinivasan - Honorary Consul
"Korean Consulate in Kolkata, India",South Korea,Korean,"c/o Nicco Corporation Ltd. Nico House, 2 Hare Street Kolkata 700, 001 India",(+91) 33 2248 8220,(+91) 33-2248 6414,rajivkaul@niccogroup.com,,Consulate,Kolkata,10.00-18.00,Mr Rajiv Kaul - Consul General
"Korean Consulate in Mumbai, India",South Korea,Korean,"Kanchanjunga Building, 9th floor 72, Pedder Road Mumbai 400, 026 India",(+91) 22-2388 6743 - 5,(+91) 22-2388 6765,mumbai@mofat.go.kr,,Consulate,Mumbai,,Seok-gu Jang - Consul General
"Korean Embassy in New Delhi, India",South Korea,Korean,"9 Chandragupta Marg, Chanakyapuri Extension, New Delhi 110021, India",(+91) 11-4200 7000,(+91) 11-2688 4840,india@mofat.go.kr,http://ind.mofat.go.kr ,Embassy,New Delhi,,Mr Kim Joong-Keun - Ambassador
"Kuwaiti Consulate in Mumbai, India",Kuwait,Kuwaiti,"120 Dinisha Wacha Road, Churchgate, Mombay 400020, India","(+91-22) 2873007, 2884179, 2871897",(+91-22) 2048180,nksrr@yahoo.com,,Consulate,Mumbai,,
"Kuwaiti Embassy in New Delhi, India",Kuwait,Kuwaiti,"5A Shanti Path, Chanakyapuri, New Delhi 110021",+91-11-2410 0791,+91-11-2687 3516,kuwaitembassy@mantraonline.com,,Embassy,New Delhi,,
"Latvian Consulate in New Delhi, India",Latvia,Latvian,"48/11, Malcha Marg, Chanakyapuri, New Delhi  110021",(91) 112 611 29 31,(91) 112 611 37 53,Latvia@pasco.co.in,,Consulate,New Delhi,,
"Lebanese Embassy in New Delhi, India",Lebanon,Lebanese,"H 1, Anand Niketan, Chanakyapuri","011 - 24110919, 24111415",011 - 24110818,grfadel@hotmail.com,,Embassy,New Delhi,09:00-13:00 and 14:00-16:30,
"Lesotho High Commission in New Delhi, India",Lesotho,Basotho,"E-26 Poorvi Marg, Vasant Vihar, New Delhi 110 057, India",(+91) 11 4166 0713 / 14 / 15,(+91) 11 2614 1636,lesothonewdelhi@gmail.com,,Embassy,New Delhi,09.00-16.30,"Ms Moleboheng G. Sehlabaka, Chargé d'Affaires a.i."
"Liberian Honorary Consulate in New Delhi, India",Liberia,Liberian,"The Roseate New Delhi, NH-8, Smalkha, New Delhi 110037, India",(+91) 11 3061 3488,,generalliberia.in,www.honconsulgeneralliberia.in,Consulate,New Delhi,,"Mr Ankur Bhatia, Honorary Consul"
"Libyan Embassy in New Delhi, India",Libya,Libyan,"22 Golf Link, New Delhi 110003 India",4697717 / 4697771,,,,Embassy,New Delhi,,
Liechtenstein (Swiss) Consulate in India,Liechtenstein,Liechtensteiner,,,,,,Consulate,,,Liechtenstein consulate services are represented by Switzerland
"Luxembourg Embassy in New Delhi, India",Luxembourg,Luxembourgish,"84, Jor Bagh, New Delhi 110003, India",(+91) 11 49 98 66 00,(+91) 11 41 52 52 01,newdelhi.amb@mae.etat.lu,newdelhi.mae.lu,Embassy,New Delhi,,"Mr Gaston Stronck, Ambassador"
"Malagasy Consulate in Mumbai, India",Madagascar,Malagasy,"Ismail Building, Flora Fountain, Mumbai 400 001, India",(+91) 22-2204 6735,(+91) 22-2204 4598,chandrakapadia@hotmail.com; madulat.mumbai@yahoo.in,,Consulate,Mumbai,10.30-17.30,
"Malagasy Consulate in New Delhi, India",Madagascar,Malagasy,"Mayfair Gardens Hauz Khas, Ground Floor, New Delhi - 110049, India",(+91) 11-4106 7741 / 2 / 3 / 7,(+91) 11-4106 7748,ambamad.delhi@gmail.com,http://http://madagascarembassyindia.in/,Consulate,New Delhi,10.00-16.00,
"Malawian High Commission in New Delhi, India",Malawi,Malawian,"C-6/11 Visant Vihar, New Delhi - 110057, India",(+91) 11 2670 6000,(+91) 11 2670 6010,"malawihcindia@gmail.com, mhcindiaconsular@gmail.com",www.malawi-india.org,Embassy,New Delhi,,"Mr George MkondiwaDr Perks M. Ligoya, High Commissioner"
"Malaysian Consulate in Chennai, India",Malaysia,Malaysian,"No.7, (Old No.3), Cenotaph Road, 1st Street, Teynampet, 600 018, Chennai",+091-44-24334434; +091-44-24334435; +091-44-24334436,+091-44-24334437,mwchennai@kln.gov.my,http://www.kln.gov.my/perwakilan/chennai,Consulate,Chennai,"Work days: Monday - Friday 9.00 a.m - 5.00 p.m
Public Holidays: Saturday & Sunday",
"Malaysian Consulate in Mumbai, India",Malaysia,Malaysian,"5th. Fl, Notan Classic, Building, 24th. Off Turner Road, Bandra (W), 400050, Maharastra, India",+91 22 2645 5751/52; +91 22 2645 5541; +91 99201 35131,+91 22 2645 5750,mwmumbai.kln@1govuc.gov.my,http://www.kln.gov.my/perwakilan/mumbai,Consulate,Mumbai,"Work days: Monday - Friday 8.30 a.m - 4.30 p.m
Public Holidays: Saturday, Sunday & Public Holidays (See Corporate Information in Main Menu)",
"Malaysian Consulate in New Delhi, India",Malaysia,Malaysian,"50-M, Satya Marg,, Chanakyapuri,, 110 021 - New Delhi",+91-11-24159300,+91-11-26881538,mwdelhi@kln.gov.my,http://www.kln.gov.my/perwakilan/newdelhi,Consulate,New Delhi,"Work day: Monday - Friday
8.30 a.m. - 4.30 p.m.

Holiday :	Saturday & Sunday",
"Maldivian Embassy in New Delhi, India",Maldives,Maldivian,"C-31 Anand Niketan, New Delhi 110021, India",(+91) 11-4143 5701 - 08,(+91) 11 4143 5709,admin@maldivesembassy.in,www.maldivesembassy.in,Embassy,New Delhi,09.00-13.00 and 14.00-16.00,"Ahmed Mohamed, Ambassador"
"Maltese Consulate in New Delhi, India",Malta,Maltese,"N60, Panchsheel Park, New Delhi 110 017, India",(+91) (11) 4767 4900,(+91) (11) 4767 4949,maltahighcommission.newdelhi@gov.mt,http://www.mfa.gov.mt/india,Consulate,New Delhi,Monday to Friday 9:00 To 17:30,
"Mauritian Consulate in Mumbai, India",Mauritius,Mauritian,"Mittal Tower C Office No 115, 11th Floor Nariman Point Mumbai 400021","(91-22) 22845127, (91-22) 22845466","(91-22) 22845469,(0091 22) 22845468",consul@bom3vsnl.net.in,,Consulate,Mumbai,,
"Mauritian Embassy in New Delhi, India",Mauritius,Mauritian,"5, Kautilya Marg Chanakyapuri, New Delhi 110021 India",+91 11 24102161 or +91 11 24102162,,mhcnd@bol.net.in,,Embassy,New Delhi,,
"Mexican Embassy in New Delhi, India",Mexico,Mexican,"C8 Anand Niketan, New Delhi 110021, India",(+91) 11 2411 7180,(+91) 11 2411 7193,contactoembind@sre.gob.mx; contactoconind@sre.gob.mx,http://http://embamex.sre.gob.mx/india/,Embassy,New Delhi,09.00-17.00,
"Monegasque Consulate in New Delhi, India",Monaco,Monegasque,"DLF Centre - Sandad Marg, 110001 New Delhi, India",+91.11.5150.2149,+91.11.4150.2153,Bhatia-vk@dlfgroup.in,,Consulate,New Delhi,,"M. Kushal Pal Singh, Honorary Consul"
Mongolian Embassy in India,Mongolia,Mongolian,"34, Archbishop Makarious Marg, New Delhi 110 003, India",(+91) 11-2463 1728; (+91) 11-2461 7989,(+91) 11-2463 3240,india@mfat.gov.mn,http://http://www.delhi.mfa.gov.mn/,Embassy,,08.30-13.00 and 13.30-17.00,"Mr Sanjaasuren Bayaraa, Ambassador"
"Montenegrin Honorary Consulate General in New Delhi, India",Montenegro,Montenegrin,"S 528, Greater Kailash Part 1, New Delhi 110048, India",(+91) 11 2923 8909,,janisdarbari1@yahoo.com,,Consulate,New Delhi,09.00-13.00,"Dr Janice Darbari, Honorary Consul General"
"Myanmar Embassy in New Delhi, India",Myanmar,Myanmar,"3/50 F, Nyayamarg, Chanakyapuri New Delhi 110021","(009111) 6889007, 6889008, 26889007",(009111) 6877942,myandeli@nda.vsnl.net.in,,Embassy,New Delhi,,
"Nepalese Consulate in Kolkata, India",Nepal,Nepalese,"1, National Library Avenue, , Alipore, Kolkata-700027",0091-33-2456-1103 / 0091-33-2456-1117,0091-33-2456-1410,nepalconsulate@dataone.in,,Consulate,Kolkata,,
"Nepalese Consulate in New Delhi, India",Nepal,Nepalese,"Barakhamba Road,, New Delhi-110001,",91-11-2332 7361 / 91-11-2332 9218,91-11-2332 6857,nepembassydelhi@bol.net.in,,Consulate,New Delhi,,
"Nigerian High Commission in New Delhi, India",Nigeria,Nigerian,"EP-4, Chandragupta Marg, Chanakyapuri, New Delhi 110021, India",(+91) 11 2412 2142 to 4,(+91) 11 2412 2138,"nigeria.new-delhi@foreignaffairs.gov.ng, nhcnder@vsnl.in",http://www.nigeriahcindia.org/,Embassy,New Delhi,09.00-13.00 and 14.00-17.00,"Sola Enikanolaye, High Commissioner"
"Nigerien Embassy in New Delhi, India",Niger,Nigerien,"53 Paschimi Marg or, F-8/22, Munirka Marg, Vasant Vihar, New Delhi 110057, India",(+91) 11 2615 0160 / 1,(+91) 11 2615 0163,ambanigerindia@yahoo.fr,,Embassy,New Delhi,09.00-13.00 and 14.00-17.00,"Mr Ali Illiassou, Ambassador"
No Central African Embassy in India,Central African Republic,Central African,,,,,,,,,There is no Central African dipomatic mission in India.
No Sierra Leonean Embassy in India,Sierra Leone,Sierra Leonean,,,,,,,,,There is no Embassy of Sierra Leone in India.
"Norwegian Consulate in Chennai, India",Norway,Norwegian,"Harbour Gate House,, P.O. Box 1396, 44/45 Rajaji Road","044-2524 5314, 044-2523 2981, 044-2523 2982, 044-2523 2983",044-2523 3235,,http://www.norwayemb.org.in/Embassy/Contact-information/consul/,Consulate,Chennai,,Consul: Mr. Arvind Gopinath
"Norwegian Consulate in Kolkata, India",Norway,Norwegian,"64 Lake Place, 700 029",033-24656280,033-22365890,,http://www.norwayemb.org.in/Embassy/Contact-information/consul/,Consulate,Kolkata,,Consul: Ms. Nayantara Palchoudhuri
"Norwegian Consulate in Mumbai, India",Norway,Norwegian,"301-302 Orbit Plaza,, New Prabhadevi Road,, Behind Chaitanya Towers,, Prabhadevi,  , 400025",(91 22) 24389712 / 9713 / 9717,(91 22) 243897 15,,http://www.norwayemb.org.in/Embassy/Contact-information/consul/,Consulate,Mumbai,,Consul General: Mr. George Mathew
"Norwegian Embassy in New Delhi, India",Norway,Norwegian,"50-C, Shantipath, Chanakyapuri,, 110021",+91-11-4177-9200,+91-11-4161-7815 (for Visa) and +91-11-4168-0145 (,,http://www.norwayemb.org.in/,Embassy,New Delhi,"Monday to Thursday:
8:30 A.M. to 1:00 P.M. and 1:30 P.M. to 4:30 P.M

Friday:
8:30 A.M. to 2:00 P.M.

Business hours start at 9:30 A.M.",H.E. Ms. Ann Ollestad - Ambassador of Norway to India
"Omani Consulate in Mumbai, India",Oman,Omani,"112 Maker Chamber 4, 11Th Floor, P O Box 11655 Nariman Point, Nariman Point, 400021","+91-22-2287-6037, +91-22-2287-6038",009122 2523,"mombay@mofa.gov.om, info@mofa.gov.om",http://www.omanembassy.in/index.asp,Consulate,Mumbai,"Monday-Friday
8:30 a.m. to 5:30 p.m",
"Omani Embassy in New Delhi, India",Oman,Omani,"16, Olao Palme Marg, Vasant Vihar, New Delhi 110057",(+91) 011 6140215,(+91) 11-2688 5621,omandelhi@vsnl.com,,Embassy,New Delhi,09:30-16:00,
"Palestinian Embassy in New Delhi, India",Palestine,Palestinian,"EP, 29-B Diplomatic Enclave, Chanakyapuri, New Delhi- 110 021","9111-24108062, 24108063",9111-24108064,embassy@palestineindia.com   ,,Embassy,New Delhi,10 am to 14 pm,
"Panamanian Embassy in New Delhi, India",Panama,Panamanian,"C -321, Defence Colony, New Delhi 110024",(+91) 11-2433 2684 / 5627,(+91) 11-2433 5631,panaind@bol.net.in ,,Embassy,New Delhi,09.00-16.00,
"Peruvian Consulate in Mumbai, India",Peru,Peruvian,"Ador House 6 K., Dubash Marg, Mumbai, India, -",(+91) (22) 2287 1089,(+91) (22) 2204 3635 or 3625,dubash@dubash.com,http://-,Consulate,Mumbai,09:00 - 14:00,
"Peruvian Embassy in New Delhi, India",Peru,Peruvian,"A-9/5, Bucharest Marg,, Vasant Vihar,, New Delhi 110057",+91-11-46163333; +91-11-46163308,+91-11-46163301,info@embassyperuindia.in,http://www.embassyperuindia.in,Embassy,New Delhi,09.00-13.00 and 14.00-17.00 Monday to Friday,
"Polish Consulate in Mumbai, India",Poland,Polish,"Manavi Apartments, 2nd floor 36, , B. G. Kher Mag, Malabar Hill  400 006",+91.22.2363.3863,+91.22.2363.3863,mumbai@mumbaikg.polemb.net cons@mumbaikg.polemb.net econom@mumbaikg.polemb.net ,http://www.mumbaikg.polemb.net,Consulate,Mumbai,,
"Polish Embassy in New Delhi, India",Poland,Polish,"Chanakyapuri, 50-M Shantipath 110 021",+91.11.4149.6900,5359915-76 20 53 145,newdelhi.polemb.info@msz.gov.pl ,http://www.newdelhi.polemb.net,Embassy,New Delhi,,
"Portuguese Consulate in Goa, India",Portugal,Portuguese,Parwati - houses Nr. 38/39 Father Agnelo Road Altinho/Panjim 403001,+91.832.242.1524,,,,Consulate,Goa,,
"Portuguese Embassy in New Delhi, India",Portugal,Portuguese,"No.4, Panchsheel Marg Chanakyapuri New Delhi 110021, New Delhi 110021",+91.11.2614.1106,+91 11 46071003,embassy@portugal-india.com,http://www.portugal-india.com,Embassy,New Delhi,,
"Qatari Consulate in Mumbai (Bombay), India",Qatar,Qatari,"Bajaj Bhavan, Nariman Point, Mumbai (Bombay) 400021",(+91-22) 2026701,(+91-22) 2023692,mumbai@mofa.gov.qa ; qatarconsulate@yahoo.com,,Consulate,Mumbai (Bombay),09.30-15.30,
"Qatari Embassy in New Delhi, India",Qatar,Qatari,"EP-31A, Chandragupta Marg, Chanakyapuri,, New Delhi-110021",(+91-11) 26118787- 26117988,(+91-11) 26886080,newdelhi@mofa.gov.qa,,Embassy,New Delhi,09.00-16.00,
"Rwandan Embassy in New Delhi, India",Rwanda,Rwandan,"F 33, Radhey Mohan Drive, Mehrauli New Delhi 110 030 India",(+91) (11) 2665 9920 / 30,(+91) (11) 2665 9940 / 50,info@rwanda.in / rwandahighcommission@gmail.com,,Embassy,New Delhi,,
"Saint Lucian Honorary Consulate in New Delhi, India",Saint Lucia,Saint Lucian,"D-3, 5th Floor, District Centre Saket, New Delhi, India","(+91) 11 3912 6275 - 76, (+91) 98 1167 9310",+91-11-39126277,saintluciaindia@gmail.com,www.stluciaindia.com,Consulate,New Delhi,10.00AM to 13.00 PM &14.00 to PM,"Mr Sunil Godhwani, Honorary Consul"
"Senegalese Embassy in New Delhi, India",Senegal,Senegalese,"Pashimi Marg Vasant , Vihar, 80 110057","(+91-11) 26873746, 26873720",(+91-11) 26875809,,,Embassy,New Delhi,,
"Singaporean Consulate in Chennai, India",Singapore,Singaporean,"Consulate of the Republic of Singapore Chennai- 6, 17-A North Boag Road, T.Nagar, Chennai 600017, Tamil Nadu, India",(91) (44) 28158207/28158208,(91) (44) 28158209,singcon_maa@sgmfa.gov.sg,http://www.mfa.gov.sg/chennai,Consulate,Chennai,"Mon - Fri 8.30 am to 1.00 pm; 2.00 pm to 5.00 pm 
Saturday, Sunday and Public Holidays closed

Singaporeans who need urgent consular assistance after office hours should call the duty officer at (91) 9840033136 and they will be re-directed accordingly.",
"Singaporean Consulate in Mumbai, India",Singapore,Singaporean,"Singapore in Mumbai 152, 14th floor, Maker , Chambers IV 222, Jamnalal Bajaj Road , Nariman Point, Mumbai 400-021, India",(91 22) 2204 3205/+91-(22) 2204-3209,(91 22) 2285 5812/+91-(22) 2204-3203 ( Non-Visa Ma,singcon_bom@sgmfa.gov.sg,http://www.mfa.gov.sg/mumbai/,Consulate,Mumbai,"Mon - Fri 9.00 am - 1.00 pm 2.00 pm - 5.00 pm
Closed on Saturday, Sunday and Public Holidays

Singaporeans who require Consular assistance after office hours, please contact the Duty Officer at Tel.No. +91- 98209-79726",
"Singaporean Consulate in New Delhi, India",Singapore,Singaporean,"E-6 Chandragupta Marg , Chanakyapuri , New Delhi 110021",91 (11) 46000915 (Visa and Consular) /91 (11) 46000800 (Administration),91 (11) 4601 6413/91 (11) 4601 6412/91 (11) 3042 0,singhc_del@sgmfa.gov.sg,http://www.mfa.gov.sg/newdelhi,Consulate,New Delhi,"Mon - Fri 8.30 am to 1.00 pm; 1.30 pm to 4.30 pm 

Saturday and Sunday closed","Tel: 001-91-(11) 46000915 (Visa)
001-91-(11) 46000911(Administration)
Fax: 001-91-(11) 46016412 (Visa) ,
001-91-(11) 30420393 (Administration)
Emergency Contact: 001-91-98102-03595"
"Slovak Embassy in New Delhi, India",Slovakia,Slovak,"50M Niti Marg, Chanakyapuri, New Delhi - 110021 India",(+91) 11 2688 9071,(+91) 11 2687 7941,emb.delhi@mzv.sk ,http://www.mzv.sk/Delhi,Embassy,New Delhi,08.00-16.00,
"Slovenian Embassy in New Delhi, India",Slovenia,Slovenian,"46, Poorvi Marg, Vasant Vihar, 110057",+91-11-51662891,+91-11-51662895,vnd@mzz-dkp.sigov.si ,,Embassy,New Delhi,,
"South African Consulate in Mumbai, India",South Africa,South African,"Gandhi Mansion, 20 Altamount Road, Mumbai, 400 026",+ 91 22 23513725; + 91 22 23523726,+ 91 22 23513730; + 91 22 23523735,sacgmumbai@saconsulate.in,,Consulate,Mumbai,,
"South African Consulate in New Delhi, India",South Africa,South African,"B-18, Vasant Marg, Vasant Vihar, New Delhi - 110057, India",91-11-2614 9411 - 20,+91-11-2614 3605,dhc@sahc-india.com saeco@giasd101.vsnl.net.in,,Consulate,New Delhi,"8.30 A.M. to 12.30 P.M.
1.15 P.M. to 5.00 P.M.",
"South Sudanese Embassy in New Delhi, India",South Sudan,South Sudanese,"E-7/2 Vasant Vohar, New Delhi-110057, India",(+91) 11-4956 0000,(+91) 11-4956 0099,embassyssindia@gmail.com,,Embassy,New Delhi,09.00-17.00,"Dr Daniel Peter Othol, Ambassador"
"Spanish Consulate in Bangalore, India",Spain,Spanish,"4, Haudin Road, Near Ulsor Lake Bangalore 560, 042 India",(+91) 80 4152 6640 / 1,,diana@itsmaindia.com,,Consulate,Bangalore,,Ms Surbhi Sharma - Honorary Consul
"Spanish Consulate in Chennai, India",Spain,Spanish,"9, Cathedral Road Chennai,  60000 India",(+91) 44-2812 8800,(+91) 44-2811 7411,spainem@sanmargroup.com,,Consulate,Chennai,,Mr Vijay Sankar - Honorary Consul
"Spanish Consulate in Kolkata, India",Spain,Spanish,"TIL Limited, 1 Taratolla Road , Kolkata 700 024 India",(+91) 33-2469 5954,(+91) 33-2469 1283,avijit.mazumdar@tilindia.com / amazumdar@tilindia.com,,Consulate,Kolkata,,Mr Avijit Mazumdar - Honorary Consul
"Spanish Consulate in Mumbai, India",Spain,Spanish,"Markers Chambers IV, 7th floor 222 Jamnalal Bajaj Road Nariman Point ,  Mumbai 400021 India",(+91) 22-2288 0213 / 19,(+91) 22-2288 0254,cog.mumbai@maec.es / cog.mumbai.vis@maec.es,,Consulate,Mumbai,,Mr Domingo Manso - Consul General
"Spanish Embassy in New Delhi, India",Spain,Spanish,"12, Prithviraj Road, New Delhi 110011, India",(+91) (11) 4129 3000,(+91) (11) 4129 3008 / 3020,emb.nuevadelhi@maec.es,,Embassy,New Delhi,,Mr Gustavo Manuel de Arostegui y San Romon - Ambassador
"Sri Lankan Consulate in Kolkata, India",Sri Lanka,Sri Lankan,"Nicco House 2, Hare Street , Kolkata 700 001 India",(+91) 33-2221 0005,(+91) 33-2248 6414,abhijits@cal2.vsnl.net.in,,Consulate,Kolkata,,
"Sri Lankan Consulate in Mumbai, India",Sri Lanka,Sri Lankan,"Sri Lanka House 34, Homi Mody Street , Mumbai 400 023 India",(+91) 22-2204 5861 / (+91) 22 2204 8303,(+91) 22 2287 6132,slcon@mtnl.net.in,,Consulate,Mumbai,,
"Sri Lankan Embassy in Chennai, India",Sri Lanka,Sri Lankan,"196 T. T. K. Road Alwarpet , Chennai 600018 India",(+91) 44 2498 7896,(+91) 44 2498 7894,sldehico@md3.vsnl.net.in,http://www.sldhcchennai.org,Embassy,Chennai,,
"Sri Lankan Embassy in New Delhi, India",Sri Lanka,Sri Lankan,"Kautilya Marg Chanakyapuri, New Delhi - 110 021 India",(+91) 11 2301 0201 / 2 / 3 (+91) 11 2301 7498,(+91) 11 2379 3604,lankacomnd@bol.net.in,,Embassy,New Delhi,,
"Sudanese Embassy in New Delhi, India",Sudan,Sudanese,"Plot No 3 Shantipath Chanakyapuri , New Delhi 110021 India",(+91) 11-2687 3185 / 3785,(+91) 11-2688 3758,admin@sudanembassyindia.org / visa@sudanembassyindia.org,http://www.sudanembassyindia.org ,Embassy,New Delhi,,
"Surinamese Embassy in New Delhi, India",Suriname,Surinamese,"A15/27, Ground Floor, Vasant Vihar, New Delhi - 110057, India",(+91) 11 - 2615 0153 / 4,(+91) 11 - 2615 0150,amb.india@foreignaffairs.gov.sr,www.surinameembassy.in,Embassy,New Delhi,,"Mrs Aashna Wandani Radha Kanhai, Ambassador"
"Swedish Consulate in Chennai, India",Sweden,Swedish,"6 Cathedral Road , Chennai 600 086 , India",+91 44 2811 2232,+91 44 2811 0294,svensk_chennai94@bsnl.in,,Consulate,Chennai,"Monday-Friday
 10.30-15.00","Honorary Consul:
Mr Arun Vasu"
"Swedish Consulate in Colombo, Sri Lanka, India",Sweden,Swedish,"33, 1/1, Lester James, Peiris , Mawatha, Colombo 5, Sri Lanka",+94 11 250 4432,+94 11 258 0022,sweden@senoksl.com,,Consulate,"Colombo, Sri Lanka","Monday-Friday
 10.00-12.00","Honorary Consul General:
Mr Noel Selvanayagam"
"Swedish Consulate in Kathmandu,, India",Sweden,Swedish,"Meera Home, Khichapokhari, Nepal",+977 1 422 0939,+977 1 422 1826,meerahome@wlink.com.np,,Consulate,"Kathmandu,","Monday - Friday 
10.00-12.30","Honorary Consul General:
Mr Gajendra B. Shresta"
"Swedish Consulate in Kolkata, India",Sweden,Swedish,"14 Old Court House Street, Kolkata 700 001",+91 33 2248 2080,+91 33 2248 9447,swedecon.kol@gmail.com,,Consulate,Kolkata,"Tuesday and Thursday
 09.30-12.30","Honorary Consul:
Mr. Ranajit Nobis"
"Swedish Consulate in Malé, Maldiverna, India",Sweden,Swedish,"66/17 Boduthakurufaanu Magu, Malé 20066",+960 33 151 76,+960 33 235 23,info@cyprea.com.mv,,Consulate,"Malé, Maldiverna","Sunday-Thursday
 08.00-13.30 and 15.30-18.00

Saturday
 09.00-13.30","Honorary Consul:
Mr Abdullah Saeed"
"Swedish Consulate in Mumbai, India",Sweden,Swedish,"3 Floor, C – 53, TCG Financial  Centre, G – Block, BKC, Bandra (E) , Mumbai – 400051",+91 22 6113 2300,+91 22 6113 2389,sweden@swedenconsul.com,,Consulate,Mumbai,09:00-12:00,"Consul General:
Ms. Fredrika Ornbrant"
"Swedish Consulate in Thimpu, Bhutan, India",Sweden,Swedish,"4th Floor, Yarkay Complex, , Near Clock Tower, Norzin Lam, Thimphu",+975 20 323 484,+975 20 323 894,sweden@druknet.bt  / phubzam8@gmail.com,,Consulate,"Thimpu, Bhutan","Monday - Friday
 09.00-17.00","Honarary Consul:
Mrs Phub Zam"
"Swedish Embassy in New Delhi, India",Sweden,Swedish,"4-5 Nyaya Marg, Chanakyapuri, New Delhi , India",+91 11 4419 7100,+91 11 4419 7101,ambassaden.new-delhi@gov.se,,Embassy,New Delhi,"Monday-Friday 
08.30-17.00",
"Swiss Embassy in New Delhi, India",Switzerland,Swiss,"Nyaya Marg, Chanakyapuri, P.O. Box 392, New Delhi 110 001 India",(+91) (11) 4995 9500,(+91) (11) 4995 9509,ndh.vertretung@eda.admin.ch,http://www.eda.admin.ch/newdelhi,Embassy,New Delhi,"Monday-Friday
 08:30-11:30",Ambassador: Mr Linus von Castelmur
"Syrian Embassy in New Delhi, India",Syria,Syrian,"India D 5/8, Vasant Marg Vasant Vihar New Delhi , 110057 India",(+91) 11 2614 0233 / 8298,(+91-11) 6143107,-,,Embassy,New Delhi,08.30-15.00,Ambassador: Mr. Fahd Salim
"Taiwanese Embassy in New Delhi, India",Taiwan,Taiwanese,"No. 34, Paschimi Marg, Vasant Vihar, New Delhi 110057,  India",(+91-11)46077777,(+91-11)4607-7721,ind@mofa.gov.tw,http://www.roc-taiwan.org/IN,Embassy,New Delhi,,
"Tanzanian Embassy in New Delhi, India",Tanzania,Tanzanian,"EP-15C, Chanakya Puri , New Delhi, 110021, India",+91-11-24122865,+91-11-24122862,"info@tanzrepdelhi.com, newdelhi@foreign.go.tz",http://www.tanzrepdelhi.com/,Embassy,New Delhi,"Monday - Friday
9:00 to 16:00",
"Thai Consulate in Kolkata, India",Thailand,Thai,"18-B, Mandeville Gardens, Ballygunge, Kolkata 019 700",(91-33) 2440-3229-31 / 7836,"(91-33) 2440 to 6,251",thaiccu@mfa.go.th,http://www.thaiembassy.org/kolkata,Consulate,Kolkata,"Office Hour: 
Monday to Friday
09:00 - 12:00 and 13:00 - 17:00",
"Thai Embassy in New Delhi, India",Thailand,Thai,"D-1/3 Vasant Vihar, New Delhi 110057",(+91 11) 2615 0130-34,(+91 11) 2615 0128-29,haidel@mfa.go.th,http://www.thaiemb.org.in,Embassy,New Delhi,"Office Hours:
Monday to Friday
09:00 – 12:30 and 14:00 – 17:00",
"Togolese Embassy in New Delhi, India",Togo,Togolese,"4 Munirka Marg, 1st Floor, Vasant Vihar, New Delhi 11 00 57, India",(+91) 11 4103 7036,(+91) 11-4108 5550,ambatogodelhi@yahoo.fr,,Embassy,New Delhi,,
"Trinidadian High Commission in New Delhi, India",Trinidad and Tobago,Trinidadian,"B3/26, Vasant Vihar, New Delhi 110057, India",(+91) 11 4600 7500,(+91) 11 4600 7505,"info@hctt.net, consular@hctt.net",hctt.net,Embassy,New Delhi,,"Mrs Stacey Hinds, Chargé d'Affaires a.i."
"Tunisian Embassy in New Delhi, India",Tunisia,Tunisian,"B-1/2, Vasant Marg, Vasant Vihar, New Delhi 110057 India",(+91) 11-2614 5346 / 49 / 51,(+91) 11-2614 5301,tunisiaembassy@airtelbroadband.in,,Embassy,New Delhi,,
"Turkish Embassy in New Delhi, India",Turkey,Turkish,N 50 Nyaya Marg Chanakyapuri 110021,(+91) 11-2688 9053 / 4 (+91) 11-2410 1973 / 21,(+91) 11-2410 1974 (+91) 11-2688 1409,embassy.newdelhi@mfa.gov.tr,http://http://newdelhi.emb.mfa.gov.tr,Embassy,New Delhi,,
"Ugandan Embassy in New Delhi, India",Uganda,Ugandan,"B-3/26,Vasant Vihar, New Delhi 110057 India",(+91) 11-2614 5817 / 4413,(+91) 11-2614 4405,newdelhiugandahighcommission@yahoo.in,,Embassy,New Delhi,,
"Ukrainian Embassy in New Delhi, India",Ukraine,Ukrainian,"E-1/8, Vasant Vihar, New Delhi, India, 110 057","00-9111 2614 6041, 2614 5093 (consular issues)",00-9111 2614 6043,emb_in@mfa.gov.ua,http://http://india.mfa.gov.ua,Embassy,New Delhi,,
"Zambian Consulate in New Delhi, India",Zambia,Zambian,"N-57, Panchsheel Park, New Delhi, India",(+91) 11-4108 8010 / 11,(+91) 11-2614 5764,zambiand@sify.com,,Consulate,New Delhi,,
"Zimbabwean Embassy in New Delhi, India",Zimbabwe,Zimbabwean,"23 Paschimi Marg Vasant Vihar, New Delhi 110057, India",91-11-26154313/4/ 6140430/ 26154314,91-11-6884532,envoy@zihcindia.com,,Embassy,New Delhi,,
